{
  "dashboard": {
    "id": null,
    "title": "Microservices Observability",
    "tags": ["microservices", "opentelemetry"],
    "timezone": "browser",
    "panels": [
      {
        "id": 1,
        "title": "Request Rate by Service",
        "type": "graph",
        "targets": [
          {
            "expr": "rate(http_requests_total[5m])",
            "legendFormat": "{{service_name}}",
            "refId": "A"
          }
        ],
        "yAxes": [
          {
            "label": "Requests/sec",
            "min": 0
          }
        ],
        "xAxis": {
          "show": true
        },
        "gridPos": {
          "h": 8,
          "w": 12,
          "x": 0,
          "y": 0
        }
      },
      {
        "id": 2,
        "title": "Response Time by Service",
        "type": "graph",
        "targets": [
          {
            "expr": "histogram_quantile(0.95, rate(http_request_duration_seconds_bucket[5m]))",
            "legendFormat": "95th percentile - {{service_name}}",
            "refId": "A"
          },
          {
            "expr": "histogram_quantile(0.50, rate(http_request_duration_seconds_bucket[5m]))",
            "legendFormat": "50th percentile - {{service_name}}",
            "refId": "B"
          }
        ],
        "yAxes": [
          {
            "label": "Duration (s)",
            "min": 0
          }
        ],
        "gridPos": {
          "h": 8,
          "w": 12,
          "x": 12,
          "y": 0
        }
      },
      {
        "id": 3,
        "title": "Error Rate by Service",
        "type": "stat",
        "targets": [
          {
            "expr": "rate(http_requests_total{status=~\"5.*\"}[5m]) / rate(http_requests_total[5m]) * 100",
            "legendFormat": "{{service_name}}",
            "refId": "A"
          }
        ],
        "fieldConfig": {
          "defaults": {
            "unit": "percent",
            "thresholds": {
              "steps": [
                {"color": "green", "value": null},
                {"color": "yellow", "value": 1},
                {"color": "red", "value": 5}
              ]
            }
          }
        },
        "gridPos": {
          "h": 4,
          "w": 24,
          "x": 0,
          "y": 8
        }
      },
      {
        "id": 4,
        "title": "Trace Duration Distribution",
        "type": "histogram",
        "targets": [
          {
            "expr": "jaeger_traces_total",
            "legendFormat": "Total Traces",
            "refId": "A"
          }
        ],
        "gridPos": {
          "h": 8,
          "w": 12,
          "x": 0,
          "y": 12
        }
      },
      {
        "id": 5,
        "title": "Service Dependencies",
        "type": "nodeGraph",
        "targets": [
          {
            "expr": "rate(jaeger_spans_total[5m])",
            "refId": "A"
          }
        ],
        "gridPos": {
          "h": 8,
          "w": 12,
          "x": 12,
          "y": 12
        }
      }
    ],
    "time": {
      "from": "now-1h",
      "to": "now"
    },
    "refresh": "5s"
  }
}
